#this_apt_name;that_apt_name;passengers;
HEATHROW;ABERDEEN;456563
HEATHROW;BELFAST CITY;92919
HEATHROW;BELFAST INTERNATIONAL;815530
HEATHROW;EDINBURGH;1477768
HEATHROW;GLASGOW;1258405
HEATHROW;ISLE OF MAN;112476
HEATHROW;JERSEY;718
HEATHROW;LEEDS BRADFORD;190761
HEATHROW;MANCHESTER;1162327
HEATHROW;NEWCASTLE;406388
HEATHROW;TEESSIDE;144799
GATWICK;ABERDEEN;223996
GATWICK;BELFAST CITY;229923
GATWICK;BELFAST INTERNATIONAL;75
GATWICK;BIRMINGHAM;0
GATWICK;BRISTOL;1459
GATWICK;EDINBURGH;353675
GATWICK;EXETER;103
GATWICK;GLASGOW;325035
GATWICK;GUERNSEY;295804
GATWICK;INVERNESS;183388
GATWICK;JERSEY;478006
GATWICK;LEEDS BRADFORD;4155
GATWICK;MANCHESTER;427155
GATWICK;NEWCASTLE;180274
GATWICK;NEWQUAY;62890
GATWICK;PLYMOUTH;51802
LONDON CITY;ABERDEEN;41295
LONDON CITY;BELFAST CITY;31130
LONDON CITY;DUNDEE;47669
LONDON CITY;EDINBURGH;160436
LONDON CITY;GLASGOW;33461
LONDON CITY;INVERNESS;1162
LONDON CITY;ISLE OF MAN;46742
LONDON CITY;JERSEY;84550
LONDON CITY;LEEDS BRADFORD;0
LONDON CITY;SHEFFIELD CITY;0
LUTON;ABERDEEN;159339
LUTON;BELFAST INTERNATIONAL;378956
LUTON;EDINBURGH;485998
LUTON;GLASGOW;492026
LUTON;INVERNESS;112874
LUTON;ISLE OF MAN;41062
LUTON;JERSEY;38525
LUTON;LIVERPOOL;48800
SOUTHEND;STANSTED;4
STANSTED;BELFAST CITY;51849
STANSTED;BELFAST INTERNATIONAL;249984
STANSTED;EDINBURGH;486399
STANSTED;GLASGOW;286408
STANSTED;GUERNSEY;49331
STANSTED;JERSEY;0
STANSTED;LONDONDERRY;125158
STANSTED;MANCHESTER;44782
STANSTED;NEWCASTLE;70167
STANSTED;NORWICH;1544
STANSTED;PRESTWICK;596529
ABERDEEN;BELFAST CITY;1265
ABERDEEN;BELFAST INTERNATIONAL;8554
ABERDEEN;BIRMINGHAM;55747
ABERDEEN;BRISTOL;29772
ABERDEEN;CARDIFF WALES;2631
ABERDEEN;EAST MIDLANDS;432
ABERDEEN;EDINBURGH;226
ABERDEEN;GLASGOW;4673
ABERDEEN;KIRKWALL;35273
ABERDEEN;LEEDS BRADFORD;17759
ABERDEEN;MANCHESTER;148621
ABERDEEN;NEWCASTLE;67056
ABERDEEN;NORWICH;29255
ABERDEEN;PLYMOUTH;134
ABERDEEN;SOUTHAMPTON;14651
ABERDEEN;SUMBURGH;73886
ABERDEEN;TEESSIDE;0
ALDERNEY;GUERNSEY;33023
ALDERNEY;JERSEY;9096
ALDERNEY;SOUTHAMPTON;28714
BELFAST CITY;BIRMINGHAM;158913
BELFAST CITY;BLACKPOOL;3087
BELFAST CITY;BRISTOL;54239
BELFAST CITY;CARDIFF WALES;1734
BELFAST CITY;EAST MIDLANDS;11847
BELFAST CITY;EDINBURGH;61620
BELFAST CITY;EXETER;1845
BELFAST CITY;GLASGOW;81153
BELFAST CITY;ISLE OF MAN;28502
BELFAST CITY;LEEDS BRADFORD;73508
BELFAST CITY;LIVERPOOL;4440
BELFAST CITY;MANCHESTER;102254
BELFAST CITY;NEWCASTLE;101718
BELFAST CITY;PRESTWICK;49
BELFAST CITY;SHEFFIELD CITY;21100
BELFAST CITY;SOUTHAMPTON;23999
BELFAST INTERNATIONAL;BIRMINGHAM;141553
BELFAST INTERNATIONAL;BRISTOL;30995
BELFAST INTERNATIONAL;CARDIFF WALES;12122
BELFAST INTERNATIONAL;EAST MIDLANDS;58352
BELFAST INTERNATIONAL;EDINBURGH;155217
BELFAST INTERNATIONAL;GLASGOW;161351
BELFAST INTERNATIONAL;JERSEY;11165
BELFAST INTERNATIONAL;LIVERPOOL;442337
BELFAST INTERNATIONAL;MANCHESTER;61952
BELFAST INTERNATIONAL;NEWCASTLE;0
BELFAST INTERNATIONAL;SOUTHAMPTON;0
BELFAST INTERNATIONAL;TEESSIDE;0
BIRMINGHAM;EDINBURGH;267940
BIRMINGHAM;EXETER;26498
BIRMINGHAM;GLASGOW;247316
BIRMINGHAM;GUERNSEY;34541
BIRMINGHAM;ISLE OF MAN;47343
BIRMINGHAM;JERSEY;81974
BIRMINGHAM;MANCHESTER;27
BIRMINGHAM;NEWCASTLE;31245
BLACKPOOL;ISLE OF MAN;0
BOURNEMOUTH;EDINBURGH;260
BOURNEMOUTH;GLASGOW;0
BRISTOL;CARDIFF WALES;318
BRISTOL;EDINBURGH;154036
BRISTOL;EXETER;17
BRISTOL;GLASGOW;135125
BRISTOL;GUERNSEY;8391
BRISTOL;ISLE OF MAN;13605
BRISTOL;ISLES OF SCILLY (ST.MARYS);3650
BRISTOL;JERSEY;25418
BRISTOL;MANCHESTER;2689
BRISTOL;NEWCASTLE;42528
BRISTOL;NEWQUAY;4
BRISTOL;PLYMOUTH;19644
CARDIFF WALES;EDINBURGH;32098
CARDIFF WALES;GLASGOW;24097
CARDIFF WALES;GUERNSEY;2496
CARDIFF WALES;JERSEY;20760
CARDIFF WALES;NEWCASTLE;6262
CARDIFF WALES;SOUTHAMPTON;168
DUBLIN;JERSEY;118
EAST MIDLANDS;EDINBURGH;61843
EAST MIDLANDS;GLASGOW;82783
EAST MIDLANDS;GUERNSEY;10691
EAST MIDLANDS;JERSEY;58938
EDINBURGH;EXETER;35
EDINBURGH;GLASGOW;68
EDINBURGH;GUERNSEY;176
EDINBURGH;INVERNESS;11535
EDINBURGH;JERSEY;8052
EDINBURGH;KIRKWALL;14544
EDINBURGH;LEEDS BRADFORD;34069
EDINBURGH;MANCHESTER;166116
EDINBURGH;NORWICH;0
EDINBURGH;PLYMOUTH;2334
EDINBURGH;SOUTHAMPTON;73450
EDINBURGH;SUMBURGH;15391
EXETER;GUERNSEY;25130
EXETER;ISLES OF SCILLY (ST.MARYS);4261
EXETER;JERSEY;35313
EXETER;NEWCASTLE;46
GLASGOW;GUERNSEY;463
GLASGOW;INVERNESS;23704
GLASGOW;ISLE OF MAN;25759
GLASGOW;JERSEY;18323
GLASGOW;KIRKWALL;4860
GLASGOW;LEEDS BRADFORD;34489
GLASGOW;LONDONDERRY;20629
GLASGOW;MANCHESTER;127558
GLASGOW;PLYMOUTH;3528
GLASGOW;SOUTHAMPTON;69123
GLASGOW;SUMBURGH;11930
GUERNSEY;JERSEY;161969
GUERNSEY;LEEDS BRADFORD;3521
GUERNSEY;MANCHESTER;50323
GUERNSEY;NEWCASTLE;340
GUERNSEY;NORWICH;460
GUERNSEY;PLYMOUTH;446
GUERNSEY;SOUTHAMPTON;123128
INVERNESS;KIRKWALL;9043
INVERNESS;LEEDS BRADFORD;24
INVERNESS;SOUTHAMPTON;70
INVERNESS;SUMBURGH;4614
ISLE OF MAN;JERSEY;9507
ISLE OF MAN;LEEDS BRADFORD;11175
ISLE OF MAN;LIVERPOOL;196398
ISLE OF MAN;MANCHESTER;96507
ISLE OF MAN;SOUTHAMPTON;3866
ISLES OF SCILLY (ST.MARYS);ISLES OF SCILLY (TRESCO);2095
ISLES OF SCILLY (ST.MARYS);LANDS END (ST JUST);20305
ISLES OF SCILLY (ST.MARYS);NEWQUAY;15620
ISLES OF SCILLY (ST.MARYS);PENZANCE HELIPORT;87584
ISLES OF SCILLY (ST.MARYS);PLYMOUTH;0
ISLES OF SCILLY (TRESCO);PENZANCE HELIPORT;37245
JERSEY;LEEDS BRADFORD;28146
JERSEY;LIVERPOOL;6483
JERSEY;MANCHESTER;76094
JERSEY;NEWCASTLE;8281
JERSEY;NORWICH;2073
JERSEY;PLYMOUTH;11836
JERSEY;SOUTHAMPTON;148376
JERSEY;TEESSIDE;7244
KIRKWALL;SUMBURGH;7081
LEEDS BRADFORD;NEWCASTLE;2
LEEDS BRADFORD;SOUTHAMPTON;24125
LONDONDERRY;MANCHESTER;12434
MANCHESTER;NEWCASTLE;96
MANCHESTER;NORWICH;0
MANCHESTER;SOUTHAMPTON;62571
NEWCASTLE;PLYMOUTH;211
NEWCASTLE;SOUTHAMPTON;32266
NEWCASTLE;TEESSIDE;0
NEWQUAY;PLYMOUTH;488
NORWICH;TEESSIDE;0
