#this_apt_name;that_apt_name;passengers;
HEATHROW;ABERDEEN;449516
HEATHROW;BELFAST CITY;13219
HEATHROW;BELFAST INTERNATIONAL;1066146
HEATHROW;BIRMINGHAM;65232
HEATHROW;DURHAM TEES VALLEY;156137
HEATHROW;EDINBURGH;1308322
HEATHROW;EXETER;35
HEATHROW;GLASGOW;1220778
HEATHROW;GUERNSEY;72952
HEATHROW;INVERNESS;161861
HEATHROW;ISLE OF MAN;109622
HEATHROW;JERSEY;252697
HEATHROW;LEEDS BRADFORD;171021
HEATHROW;LIVERPOOL;136
HEATHROW;MANCHESTER;820859
HEATHROW;NEWCASTLE;352961
HEATHROW;NEWQUAY;33514
HEATHROW;NOTTINGHAM EAST MIDLANDS INT'L;199
HEATHROW;PLYMOUTH;34142
GATWICK;ABERDEEN;143905
GATWICK;BELFAST CITY;115012
GATWICK;BELFAST INTERNATIONAL;62
GATWICK;DURHAM TEES VALLEY;432
GATWICK;EDINBURGH;166667
GATWICK;GLASGOW;169301
GATWICK;GUERNSEY;183386
GATWICK;INVERNESS;4
GATWICK;JERSEY;236033
GATWICK;LEEDS BRADFORD;2925
GATWICK;MANCHESTER;241415
GATWICK;NEWCASTLE;63226
LUTON;BELFAST CITY;35952
LUTON;BELFAST INTERNATIONAL;122197
LUTON;ISLE OF MAN;16315
LUTON;JERSEY;11582
SOUTHEND;NEWCASTLE;21
STANSTED;ABERDEEN;52978
STANSTED;EDINBURGH;95172
STANSTED;GLASGOW;78708
STANSTED;GUERNSEY;15272
STANSTED;JERSEY;40014
STANSTED;MANCHESTER;9822
STANSTED;NEWCASTLE;19656
ABERDEEN;BELFAST CITY;5552
ABERDEEN;BIRMINGHAM;40520
ABERDEEN;BRISTOL;6240
ABERDEEN;CARDIFF WALES;1555
ABERDEEN;DUNDEE;775
ABERDEEN;DURHAM TEES VALLEY;35140
ABERDEEN;EDINBURGH;17135
ABERDEEN;EXETER;25
ABERDEEN;GLASGOW;30671
ABERDEEN;HUMBERSIDE;22152
ABERDEEN;INVERNESS;4572
ABERDEEN;KIRKWALL;30959
ABERDEEN;MANCHESTER;103629
ABERDEEN;NEWCASTLE;42098
ABERDEEN;NORWICH;35637
ABERDEEN;NOTTINGHAM EAST MIDLANDS INT'L;12855
ABERDEEN;PLYMOUTH;12
ABERDEEN;SUMBURGH;219567
ALDERNEY;BOURNEMOUTH;0
ALDERNEY;GUERNSEY;33458
ALDERNEY;JERSEY;13560
ALDERNEY;SOUTHAMPTON;29136
BARROW-IN-FURNESS;BLACKPOOL;0
BARROW-IN-FURNESS;MANCHESTER;0
BELFAST CITY;BIRMINGHAM;84362
BELFAST CITY;BLACKPOOL;34068
BELFAST CITY;BRISTOL;43047
BELFAST CITY;CARDIFF WALES;12152
BELFAST CITY;DURHAM TEES VALLEY;7121
BELFAST CITY;EDINBURGH;62672
BELFAST CITY;EXETER;15227
BELFAST CITY;GLASGOW;63601
BELFAST CITY;GUERNSEY;238
BELFAST CITY;ISLE OF MAN;31764
BELFAST CITY;JERSEY;1648
BELFAST CITY;LEEDS BRADFORD;65672
BELFAST CITY;LIVERPOOL;70792
BELFAST CITY;MANCHESTER;99860
BELFAST CITY;NEWCASTLE;41096
BELFAST CITY;NOTTINGHAM EAST MIDLANDS INT'L;7206
BELFAST CITY;SOUTHAMPTON;1003
BELFAST INTERNATIONAL;BIRMINGHAM;89228
BELFAST INTERNATIONAL;GLASGOW;59000
BELFAST INTERNATIONAL;HUMBERSIDE;4300
BELFAST INTERNATIONAL;JERSEY;20093
BELFAST INTERNATIONAL;LEEDS BRADFORD;9135
BELFAST INTERNATIONAL;MANCHESTER;123122
BELFAST INTERNATIONAL;NEWCASTLE;1454
BELFAST INTERNATIONAL;NOTTINGHAM EAST MIDLANDS INT'L;50052
BIRMINGHAM;BRISTOL;0
BIRMINGHAM;EDINBURGH;158926
BIRMINGHAM;GLASGOW;145062
BIRMINGHAM;GUERNSEY;17974
BIRMINGHAM;ISLE OF MAN;36795
BIRMINGHAM;JERSEY;75847
BIRMINGHAM;MANCHESTER;89
BIRMINGHAM;NEWCASTLE;17013
BIRMINGHAM;SOUTHAMPTON;1
BLACKPOOL;ISLE OF MAN;25852
BLACKPOOL;JERSEY;3155
BLACKPOOL;MANCHESTER;0
BOURNEMOUTH;GUERNSEY;174
BOURNEMOUTH;JERSEY;12451
BRISTOL;EDINBURGH;42120
BRISTOL;EXETER;3
BRISTOL;GLASGOW;42917
BRISTOL;GUERNSEY;7559
BRISTOL;JERSEY;26392
BRISTOL;NEWCASTLE;9102
BRISTOL;PLYMOUTH;6587
CAMBRIDGE;JERSEY;1876
CAMBRIDGE;MANCHESTER;6001
CARDIFF WALES;EDINBURGH;6532
CARDIFF WALES;GLASGOW;17098
CARDIFF WALES;GUERNSEY;1067
CARDIFF WALES;ISLE OF MAN;3644
CARDIFF WALES;JERSEY;24504
CITY OF DERRY (EGLINTON);GLASGOW;12922
CITY OF DERRY (EGLINTON);MANCHESTER;14340
COVENTRY;GUERNSEY;508
COVENTRY;JERSEY;1643
COVENTRY;LIVERPOOL;6
DUNDEE;INVERNESS;64
DUNDEE;MANCHESTER;10966
DURHAM TEES VALLEY;HUMBERSIDE;267
DURHAM TEES VALLEY;JERSEY;10190
DURHAM TEES VALLEY;NORWICH;2048
EDINBURGH;EXETER;28
EDINBURGH;GLASGOW;443
EDINBURGH;GUERNSEY;2255
EDINBURGH;HUMBERSIDE;1393
EDINBURGH;JERSEY;7840
EDINBURGH;KIRKWALL;8343
EDINBURGH;LEEDS BRADFORD;17873
EDINBURGH;MANCHESTER;86925
EDINBURGH;NEWCASTLE;35
EDINBURGH;NORWICH;15922
EDINBURGH;NOTTINGHAM EAST MIDLANDS INT'L;34456
EDINBURGH;PLYMOUTH;421
EDINBURGH;SOUTHAMPTON;14181
EDINBURGH;SUMBURGH;9079
EXETER;GUERNSEY;14938
EXETER;ISLES OF SCILLY (ST.MARYS);5665
EXETER;JERSEY;40736
EXETER;NEWCASTLE;30
EXETER;PLYMOUTH;4
GLASGOW;GUERNSEY;2271
GLASGOW;HUMBERSIDE;4059
GLASGOW;INVERNESS;9660
GLASGOW;ISLE OF MAN;17760
GLASGOW;JERSEY;33563
GLASGOW;KIRKWALL;9397
GLASGOW;LEEDS BRADFORD;21935
GLASGOW;MANCHESTER;92269
GLASGOW;NOTTINGHAM EAST MIDLANDS INT'L;67810
GLASGOW;PLYMOUTH;40
GLASGOW;SOUTHAMPTON;18106
GLASGOW;SUMBURGH;5547
GLOUCESTERSHIRE;GUERNSEY;1031
GLOUCESTERSHIRE;JERSEY;3537
GUERNSEY;JERSEY;172545
GUERNSEY;LEEDS BRADFORD;3477
GUERNSEY;LIVERPOOL;512
GUERNSEY;MANCHESTER;29514
GUERNSEY;NORWICH;1808
GUERNSEY;NOTTINGHAM EAST MIDLANDS INT'L;12980
GUERNSEY;PLYMOUTH;225
GUERNSEY;SOUTHAMPTON;88829
GUERNSEY;SWANSEA;14
HUMBERSIDE;JERSEY;5898
HUMBERSIDE;NORWICH;1044
INVERNESS;KIRKWALL;6245
INVERNESS;MANCHESTER;4552
INVERNESS;NOTTINGHAM EAST MIDLANDS INT'L;50
INVERNESS;SUMBURGH;51
ISLE OF MAN;JERSEY;1996
ISLE OF MAN;LEEDS BRADFORD;1987
ISLE OF MAN;LIVERPOOL;132959
ISLE OF MAN;MANCHESTER;74762
ISLE OF MAN;NEWCASTLE;856
ISLES OF SCILLY (ST.MARYS);LANDS END (ST JUST);29185
ISLES OF SCILLY (ST.MARYS);NEWQUAY;440
ISLES OF SCILLY (ST.MARYS);PENZANCE HELIPORT;63870
ISLES OF SCILLY (TRESCO);PENZANCE HELIPORT;17887
JERSEY;LEEDS BRADFORD;19253
JERSEY;LIVERPOOL;11210
JERSEY;MANCHESTER;122544
JERSEY;NEWCASTLE;14721
JERSEY;NORWICH;6905
JERSEY;NOTTINGHAM EAST MIDLANDS INT'L;52297
JERSEY;PLYMOUTH;6796
JERSEY;SOUTHAMPTON;143185
JERSEY;SWANSEA;6
KIRKWALL;MANCHESTER;0
KIRKWALL;SUMBURGH;11231
MANCHESTER;NEWCASTLE;16073
MANCHESTER;NOTTINGHAM EAST MIDLANDS INT'L;1
MANCHESTER;SOUTHAMPTON;14897
MANCHESTER;SUMBURGH;1760
NEWCASTLE;PLYMOUTH;46
NEWQUAY;PENZANCE HELIPORT;0
NEWQUAY;PLYMOUTH;272
