#this_apt_name;that_apt_name;passengers;
HEATHROW;ABERDEEN;478825
HEATHROW;BELFAST INTERNATIONAL;1104135
HEATHROW;BRISTOL;39
HEATHROW;EDINBURGH;1500709
HEATHROW;GLASGOW;1365039
HEATHROW;GUERNSEY;111870
HEATHROW;INVERNESS;176822
HEATHROW;ISLE OF MAN;128703
HEATHROW;JERSEY;227989
HEATHROW;LEEDS BRADFORD;187687
HEATHROW;LIVERPOOL;200
HEATHROW;MANCHESTER;932356
HEATHROW;NEWCASTLE;378578
HEATHROW;NEWQUAY;10631
HEATHROW;PLYMOUTH;11670
HEATHROW;TEESSIDE;181459
GATWICK;ABERDEEN;206624
GATWICK;BELFAST CITY;269372
GATWICK;BELFAST INTERNATIONAL;0
GATWICK;BIRMINGHAM;0
GATWICK;BRISTOL;705
GATWICK;EAST MIDLANDS;0
GATWICK;EDINBURGH;317228
GATWICK;EXETER;15
GATWICK;GLASGOW;268572
GATWICK;GUERNSEY;233234
GATWICK;INVERNESS;12664
GATWICK;JERSEY;350538
GATWICK;LEEDS BRADFORD;50684
GATWICK;LIVERPOOL;0
GATWICK;MANCHESTER;367241
GATWICK;NEWCASTLE;126705
GATWICK;NEWQUAY;41469
GATWICK;PLYMOUTH;38694
LONDON CITY;EDINBURGH;87523
LONDON CITY;MANCHESTER;7112
LUTON;ABERDEEN;99729
LUTON;BELFAST CITY;36972
LUTON;BIRMINGHAM;68
LUTON;EDINBURGH;264413
LUTON;GLASGOW;226423
LUTON;INVERNESS;65512
LUTON;ISLE OF MAN;23215
LUTON;JERSEY;9492
LUTON;LIVERPOOL;122
LUTON;NEWCASTLE;429
STANSTED;ABERDEEN;121916
STANSTED;BELFAST CITY;4170
STANSTED;BELFAST INTERNATIONAL;194472
STANSTED;EDINBURGH;203341
STANSTED;GLASGOW;158728
STANSTED;GUERNSEY;18007
STANSTED;INVERNESS;33897
STANSTED;JERSEY;65110
STANSTED;LONDONDERRY;0
STANSTED;MANCHESTER;31015
STANSTED;NEWCASTLE;41077
STANSTED;PRESTWICK;233611
ABERDEEN;BELFAST CITY;10577
ABERDEEN;BELFAST INTERNATIONAL;3112
ABERDEEN;BIRMINGHAM;47558
ABERDEEN;BRISTOL;22265
ABERDEEN;CARDIFF WALES;1536
ABERDEEN;DUNDEE;227
ABERDEEN;EAST MIDLANDS;20378
ABERDEEN;EDINBURGH;7635
ABERDEEN;GLASGOW;22942
ABERDEEN;HUMBERSIDE;17006
ABERDEEN;JERSEY;3465
ABERDEEN;KIRKWALL;38790
ABERDEEN;LEEDS BRADFORD;21092
ABERDEEN;MANCHESTER;119642
ABERDEEN;NEWCASTLE;42665
ABERDEEN;NORWICH;35037
ABERDEEN;PLYMOUTH;2
ABERDEEN;SOUTHAMPTON;3176
ABERDEEN;SUMBURGH;200065
ABERDEEN;TEESSIDE;23344
ALDERNEY;GUERNSEY;34291
ALDERNEY;JERSEY;12807
ALDERNEY;SOUTHAMPTON;32149
BELFAST CITY;BIRMINGHAM;165241
BELFAST CITY;BLACKPOOL;29840
BELFAST CITY;BRISTOL;47529
BELFAST CITY;CARDIFF WALES;13587
BELFAST CITY;EAST MIDLANDS;0
BELFAST CITY;EDINBURGH;74744
BELFAST CITY;EXETER;14892
BELFAST CITY;GLASGOW;89233
BELFAST CITY;GUERNSEY;0
BELFAST CITY;ISLE OF MAN;27912
BELFAST CITY;JERSEY;3670
BELFAST CITY;LEEDS BRADFORD;86875
BELFAST CITY;LIVERPOOL;48543
BELFAST CITY;LONDONDERRY;17451
BELFAST CITY;MANCHESTER;134997
BELFAST CITY;NEWCASTLE;78624
BELFAST CITY;PRESTWICK;65509
BELFAST CITY;SOUTHAMPTON;16913
BELFAST INTERNATIONAL;BIRMINGHAM;164283
BELFAST INTERNATIONAL;BLACKPOOL;1810
BELFAST INTERNATIONAL;EAST MIDLANDS;61890
BELFAST INTERNATIONAL;GLASGOW;52889
BELFAST INTERNATIONAL;JERSEY;16874
BELFAST INTERNATIONAL;LEEDS BRADFORD;66
BELFAST INTERNATIONAL;LIVERPOOL;189
BELFAST INTERNATIONAL;MANCHESTER;116934
BELFAST INTERNATIONAL;SOUTHAMPTON;2780
BIRMINGHAM;EDINBURGH;212241
BIRMINGHAM;EXETER;3738
BIRMINGHAM;GLASGOW;218676
BIRMINGHAM;GUERNSEY;24406
BIRMINGHAM;ISLE OF MAN;47006
BIRMINGHAM;JERSEY;79704
BIRMINGHAM;KIRKWALL;0
BIRMINGHAM;LIVERPOOL;0
BIRMINGHAM;LONDONDERRY;0
BIRMINGHAM;MANCHESTER;100
BIRMINGHAM;NEWCASTLE;28350
BLACKPOOL;EDINBURGH;261
BLACKPOOL;ISLE OF MAN;13529
BLACKPOOL;JERSEY;1949
BLACKPOOL;LONDONDERRY;492
BOURNEMOUTH;EDINBURGH;3880
BOURNEMOUTH;GLASGOW;9331
BRISTOL;EDINBURGH;90282
BRISTOL;EXETER;5
BRISTOL;GLASGOW;87826
BRISTOL;GUERNSEY;7058
BRISTOL;ISLE OF MAN;1120
BRISTOL;ISLES OF SCILLY (ST.MARYS);2638
BRISTOL;JERSEY;26829
BRISTOL;NEWCASTLE;24932
BRISTOL;PLYMOUTH;14856
CARDIFF WALES;EDINBURGH;24169
CARDIFF WALES;GLASGOW;22787
CARDIFF WALES;GUERNSEY;2253
CARDIFF WALES;ISLE OF MAN;1453
CARDIFF WALES;JERSEY;24916
CARDIFF WALES;MANCHESTER;8902
CARDIFF WALES;NEWCASTLE;9845
DUNDEE;EDINBURGH;2165
DUNDEE;MANCHESTER;7286
EAST MIDLANDS;EDINBURGH;81128
EAST MIDLANDS;GLASGOW;80470
EAST MIDLANDS;GUERNSEY;13743
EAST MIDLANDS;JERSEY;62883
EAST MIDLANDS;SUMBURGH;0
EDINBURGH;EXETER;0
EDINBURGH;GLASGOW;381
EDINBURGH;GUERNSEY;310
EDINBURGH;HUMBERSIDE;181
EDINBURGH;INVERNESS;2906
EDINBURGH;JERSEY;11529
EDINBURGH;KIRKWALL;8922
EDINBURGH;LEEDS BRADFORD;19661
EDINBURGH;MANCHESTER;125793
EDINBURGH;NEWCASTLE;1844
EDINBURGH;NORWICH;3096
EDINBURGH;PLYMOUTH;1834
EDINBURGH;SOUTHAMPTON;35793
EDINBURGH;SUMBURGH;7696
EDINBURGH;TEESSIDE;0
EXETER;GUERNSEY;21162
EXETER;ISLES OF SCILLY (ST.MARYS);5861
EXETER;JERSEY;34855
EXETER;LONDONDERRY;62
EXETER;MANCHESTER;148
EXETER;NEWCASTLE;170
EXETER;SOUTHAMPTON;72
GLASGOW;GUERNSEY;2700
GLASGOW;INVERNESS;17183
GLASGOW;ISLE OF MAN;22820
GLASGOW;JERSEY;27388
GLASGOW;KIRKWALL;4799
GLASGOW;LEEDS BRADFORD;30308
GLASGOW;LONDONDERRY;16006
GLASGOW;MANCHESTER;125817
GLASGOW;PLYMOUTH;3452
GLASGOW;SOUTHAMPTON;34418
GLASGOW;SUMBURGH;3621
GUERNSEY;JERSEY;177603
GUERNSEY;LEEDS BRADFORD;3136
GUERNSEY;LONDONDERRY;0
GUERNSEY;MANCHESTER;32069
GUERNSEY;NEWCASTLE;1039
GUERNSEY;NEWQUAY;0
GUERNSEY;NORWICH;1785
GUERNSEY;PLYMOUTH;1758
GUERNSEY;SOUTHAMPTON;103762
HUMBERSIDE;JERSEY;5604
HUMBERSIDE;NORWICH;30
HUMBERSIDE;TEESSIDE;519
INVERNESS;KIRKWALL;7310
INVERNESS;SUMBURGH;3402
ISLE OF MAN;JERSEY;704
ISLE OF MAN;LEEDS BRADFORD;15066
ISLE OF MAN;LIVERPOOL;244511
ISLE OF MAN;LONDONDERRY;1007
ISLE OF MAN;MANCHESTER;79860
ISLE OF MAN;NEWCASTLE;870
ISLE OF MAN;SOUTHAMPTON;3448
ISLES OF SCILLY (ST.MARYS);LANDS END (ST JUST);34468
ISLES OF SCILLY (ST.MARYS);NEWQUAY;872
ISLES OF SCILLY (ST.MARYS);PENZANCE HELIPORT;79360
ISLES OF SCILLY (ST.MARYS);PLYMOUTH;1580
ISLES OF SCILLY (ST.MARYS);SOUTHAMPTON;1272
ISLES OF SCILLY (TRESCO);PENZANCE HELIPORT;26515
JERSEY;LEEDS BRADFORD;27087
JERSEY;LIVERPOOL;7084
JERSEY;LONDONDERRY;613
JERSEY;MANCHESTER;103296
JERSEY;NEWCASTLE;13238
JERSEY;NEWQUAY;0
JERSEY;NORWICH;7445
JERSEY;PLYMOUTH;9208
JERSEY;SOUTHAMPTON;146713
JERSEY;TEESSIDE;10793
JERSEY;SUMBURGH;8243
LANDS END (ST JUST);NEWQUAY;23
LEEDS BRADFORD;NEWCASTLE;0
LEEDS BRADFORD;SOUTHAMPTON;13644
LONDONDERRY;MANCHESTER;17338
MANCHESTER;NEWCASTLE;6310
MANCHESTER;NORWICH;0
MANCHESTER;SOUTHAMPTON;48290
MANCHESTER;SUMBURGH;0
MANCHESTER;PLYMOUTH;6
MANCHESTER;PRESTWICK;56
MANCHESTER;SOUTHAMPTON;21783
NEWQUAY;PLYMOUTH;144
NORWICH;TEESSIDE;491
NORWICH;SUMBURGH;3679
